site_code,period_year,period_number,from_state,to_state,total_payout_cents,legacy_total_payout_cents,imported_with_legacy_formula,import_session_id,notes
eugene,2025,1,draft,historical_imported,10200,10200,false,import_2026_06_08_historical,Imported 6 entries; legacy formula
eugene,2025,2,draft,historical_imported,24400,24400,false,import_2026_06_08_historical,Imported 21 entries; legacy formula
eugene,2025,3,draft,historical_imported,15500,15500,false,import_2026_06_08_historical,Imported 21 entries; legacy formula
eugene,2025,4,draft,historical_imported,21900,21900,false,import_2026_06_08_historical,Imported 23 entries; legacy formula
eugene,2025,5,draft,historical_imported,23000,23000,false,import_2026_06_08_historical,Imported 26 entries; legacy formula
eugene,2025,6,draft,historical_imported,51900,51900,false,import_2026_06_08_historical,Imported 32 entries; legacy formula
eugene,2025,7,draft,historical_imported,44100,44100,false,import_2026_06_08_historical,Imported 22 entries; legacy formula
eugene,2025,8,draft,historical_imported,51300,51300,false,import_2026_06_08_historical,Imported 26 entries; legacy formula
eugene,2025,9,draft,historical_imported,47500,47500,false,import_2026_06_08_historical,Imported 30 entries; legacy formula
eugene,2025,10,draft,historical_imported,55000,55000,false,import_2026_06_08_historical,Imported 33 entries; legacy formula
eugene,2025,11,draft,historical_imported,43100,43100,false,import_2026_06_08_historical,Imported 27 entries; legacy formula
eugene,2025,12,draft,historical_imported,42200,42200,false,import_2026_06_08_historical,Imported 28 entries; legacy formula
eugene,2025,13,draft,historical_imported,43300,43300,false,import_2026_06_08_historical,Imported 32 entries; legacy formula
eugene,2025,14,draft,historical_imported,79900,79900,false,import_2026_06_08_historical,Imported 37 entries; legacy formula
eugene,2025,15,draft,historical_imported,86500,86500,false,import_2026_06_08_historical,Imported 33 entries; legacy formula
eugene,2025,16,draft,historical_imported,83300,83300,false,import_2026_06_08_historical,Imported 30 entries; legacy formula
eugene,2025,17,draft,historical_imported,79200,79200,false,import_2026_06_08_historical,Imported 29 entries; legacy formula
eugene,2025,18,draft,historical_imported,66100,66100,false,import_2026_06_08_historical,Imported 25 entries; legacy formula
eugene,2025,19,draft,historical_imported,120200,120200,false,import_2026_06_08_historical,Imported 34 entries; legacy formula
eugene,2025,20,draft,historical_imported,122700,122700,false,import_2026_06_08_historical,Imported 22 entries; legacy formula
eugene,2025,21,draft,historical_imported,89625,89625,false,import_2026_06_08_historical,Imported 20 entries; legacy formula
eugene,2025,22,draft,historical_imported,80150,80150,false,import_2026_06_08_historical,Imported 19 entries; legacy formula
eugene,2025,23,draft,historical_imported,64200,64200,false,import_2026_06_08_historical,Imported 12 entries; legacy formula
eugene,2025,24,draft,historical_imported,76000,76000,false,import_2026_06_08_historical,Imported 18 entries; legacy formula
eugene,2025,25,draft,historical_imported,80125,80125,false,import_2026_06_08_historical,Imported 19 entries; legacy formula
eugene,2025,26,draft,historical_imported,83700,83700,false,import_2026_06_08_historical,Imported 20 entries; legacy formula
eugene,2026,1,draft,historical_imported,64850,64850,false,import_2026_06_08_historical,Imported 15 entries; legacy formula
eugene,2026,2,draft,historical_imported,97875,97875,false,import_2026_06_08_historical,Imported 22 entries; legacy formula
eugene,2026,3,draft,historical_imported,87150,87150,false,import_2026_06_08_historical,Imported 20 entries; legacy formula
eugene,2026,4,draft,historical_imported,95250,95250,false,import_2026_06_08_historical,Imported 20 entries; legacy formula
eugene,2026,5,draft,historical_imported,93175,93175,false,import_2026_06_08_historical,Imported 25 entries; legacy formula
eugene,2026,6,draft,historical_imported,101050,101050,false,import_2026_06_08_historical,Imported 23 entries; legacy formula
eugene,2026,7,draft,historical_imported,99900,99900,false,import_2026_06_08_historical,Imported 23 entries; legacy formula
eugene,2026,8,draft,historical_imported,112275,112275,false,import_2026_06_08_historical,Imported 26 entries; legacy formula
eugene,2026,9,draft,historical_imported,114025,114025,false,import_2026_06_08_historical,Imported 28 entries; legacy formula
eugene,2026,10,draft,historical_imported,128500,128500,false,import_2026_06_08_historical,Imported 28 entries; legacy formula
eugene,2026,11,draft,historical_imported,112200,112200,false,import_2026_06_08_historical,Imported 25 entries; legacy formula
eugene,2026,12,skipped,historical_imported,109725,109725,false,import_2026_06_08_historical,Imported 27 entries; legacy formula
woodland,2025,1,draft,historical_imported,39100,39100,true,import_2026_06_08_historical,Imported 44 entries; legacy formula
woodland,2025,2,draft,historical_imported,184450,184450,true,import_2026_06_08_historical,Imported 143 entries; legacy formula
woodland,2025,3,draft,historical_imported,207800,207800,true,import_2026_06_08_historical,Imported 145 entries; legacy formula
woodland,2025,4,draft,historical_imported,242575,242575,true,import_2026_06_08_historical,Imported 162 entries; legacy formula
woodland,2025,5,draft,historical_imported,242625,242625,true,import_2026_06_08_historical,Imported 132 entries; legacy formula
woodland,2025,6,draft,historical_imported,310950,310950,true,import_2026_06_08_historical,Imported 155 entries; legacy formula
woodland,2025,7,draft,historical_imported,343625,343625,true,import_2026_06_08_historical,Imported 149 entries; legacy formula
woodland,2025,8,draft,historical_imported,282925,282925,true,import_2026_06_08_historical,Imported 143 entries; legacy formula
woodland,2025,9,draft,historical_imported,264075,264075,true,import_2026_06_08_historical,Imported 125 entries; legacy formula
woodland,2025,10,draft,historical_imported,296025,296025,true,import_2026_06_08_historical,Imported 115 entries; legacy formula
woodland,2025,11,draft,historical_imported,244075,244075,true,import_2026_06_08_historical,Imported 110 entries; legacy formula
woodland,2025,12,draft,historical_imported,346050,346050,true,import_2026_06_08_historical,Imported 129 entries; legacy formula
woodland,2025,13,draft,historical_imported,378650,378650,true,import_2026_06_08_historical,Imported 130 entries; legacy formula
woodland,2025,14,draft,historical_imported,339525,339525,true,import_2026_06_08_historical,Imported 106 entries; legacy formula
woodland,2025,15,draft,historical_imported,325425,325425,true,import_2026_06_08_historical,Imported 121 entries; legacy formula
woodland,2025,16,draft,historical_imported,328675,328675,true,import_2026_06_08_historical,Imported 115 entries; legacy formula
woodland,2025,17,draft,historical_imported,244275,244275,true,import_2026_06_08_historical,Imported 110 entries; legacy formula
woodland,2025,18,draft,historical_imported,132975,132975,true,import_2026_06_08_historical,Imported 44 entries; legacy formula
woodland,2025,19,draft,historical_imported,323775,323775,true,import_2026_06_08_historical,Imported 147 entries; legacy formula
woodland,2025,20,draft,historical_imported,283325,283325,true,import_2026_06_08_historical,Imported 122 entries; legacy formula
woodland,2025,21,draft,historical_imported,291125,291125,true,import_2026_06_08_historical,Imported 127 entries; legacy formula
woodland,2025,22,draft,historical_imported,219975,219975,true,import_2026_06_08_historical,Imported 107 entries; legacy formula
woodland,2025,23,draft,historical_imported,199925,199925,true,import_2026_06_08_historical,Imported 102 entries; legacy formula
woodland,2025,24,draft,historical_imported,163725,163725,true,import_2026_06_08_historical,Imported 85 entries; legacy formula
woodland,2025,25,draft,historical_imported,188250,188250,true,import_2026_06_08_historical,Imported 85 entries; legacy formula
woodland,2025,26,draft,historical_imported,159575,159575,true,import_2026_06_08_historical,Imported 82 entries; legacy formula
woodland,2026,1,draft,historical_imported,121500,121500,true,import_2026_06_08_historical,Imported 57 entries; legacy formula
woodland,2026,2,draft,historical_imported,166175,166175,true,import_2026_06_08_historical,Imported 76 entries; legacy formula
woodland,2026,3,draft,historical_imported,247650,247650,true,import_2026_06_08_historical,Imported 85 entries; legacy formula
woodland,2026,4,draft,historical_imported,143000,143000,true,import_2026_06_08_historical,Imported 91 entries; legacy formula
woodland,2026,5,draft,historical_imported,164025,164025,true,import_2026_06_08_historical,Imported 103 entries; legacy formula
woodland,2026,6,draft,historical_imported,150500,150500,true,import_2026_06_08_historical,Imported 107 entries; legacy formula
woodland,2026,7,draft,historical_imported,198825,198825,true,import_2026_06_08_historical,Imported 127 entries; legacy formula
woodland,2026,8,draft,historical_imported,180125,180125,true,import_2026_06_08_historical,Imported 133 entries; legacy formula
woodland,2026,9,draft,historical_imported,163675,163675,true,import_2026_06_08_historical,Imported 117 entries; legacy formula
woodland,2026,10,draft,historical_imported,191000,191000,true,import_2026_06_08_historical,Imported 127 entries; legacy formula
woodland,2026,11,draft,historical_imported,170100,170100,true,import_2026_06_08_historical,Imported 98 entries; legacy formula
woodland,2026,12,skipped,historical_imported,96475,96475,true,import_2026_06_08_historical,Imported 75 entries; legacy formula
