site_code,name,street,city,state,zip,haul_count_2023_2026,last_delivery_date,is_active,notes
woodland,1-800-Got-Junk? - Concord,1038 Shary Circle 7,Concord,CA,94518,61,2026-04-27,true,
woodland,Agiliti - Sutter Roseville Medical Center,1 Medical Plaza Dr,Roseville,CA,95661,1,2024-07-30,true,
woodland,Anderson Landfill,18703 Cambridge Road,Anderson,CA,96007,31,2026-04-24,true,
woodland,Bass Hill Landfill,469-700 Johnstonville Dump Rd.,Susanville,CA,96130,84,2026-04-27,true,
woodland,Bay Counties SMART Station,301 Carl Rd.,Sunnyvale,CA,94089,24,2026-04-23,true,
woodland,Beale AFB,2360 Burch Dr,Beale afb,CA,95903,1,2026-01-26,true,
woodland,Beck's Furniture,11840 Folsom Blvd.,Rancho Cordova,CA,95742,63,2026-01-29,true,
woodland,Best Western Treehouse,111 Morgan Way,Mt shasta,CA,90064,3,2024-05-30,true,
woodland,Big Oak Flat (Groveland) Transfer Station - County of Tuolumne,10700 Merrell Rd.,Groveland,CA,95321,13,2026-04-29,true,
woodland,Black Butte Transfer Station,3710 Springhill Road,Mt. Shasta,CA,96067,21,2026-04-23,true,
woodland,Blue Water Recycling Corporation,504 West 12th St.,Alturas,CA,96101,2,2026-01-13,true,
woodland,C&S Waste Solutions,3151 Taylor Dr,Ukiah,CA,95482,59,2026-03-27,true,
woodland,Cal State University Sacramento,6000 J Street,Sacramento,CA,95819,4,2025-06-05,true,
woodland,Camp Winthers/Sjusd,720 Chamberlain Rd,Soda Spring,CA,95630,1,2025-06-10,true,
woodland,Caspar Transfer Station,15000 Prairie Way,Mendocino,CA,95460,56,2026-04-14,true,
woodland,CCNB - Conservation Corps North Bay - Novato Office,11 Pimentel Court,Novato,CA,94949,35,2026-04-16,true,
woodland,CCNB - Conservation Corps North Bay - Santa Rosa Office,3555 Airway Dr.,Santa Rosa,CA,95403,139,2025-10-30,true,
woodland,Chester Transfer Station,3 New Chester Dump Road,Chester,CA,96020,2,2025-10-21,true,
woodland,Chico State University,1206 West Sacramento Avenue,Chico,CA,95926,3,2025-07-29,true,
woodland,City of Folsom - Corporation Yard,1300 Leidesdorff Street,Folsom,CA,95630,13,2026-03-23,true,
woodland,City of San Leandro - Public Works Department,14200 Chapman Rd.,San Leandro,CA,94578,5,2026-01-22,true,
woodland,"Clover Flat Resource Recovery Park - Clover Flat Landfill, Inc.",4390 Silverado Trail North,Calistoga,CA,94515,7,2026-04-03,true,
woodland,Costco-Innovel -Sacramento,3520 Carlin Dr,West Sacramento,CA,95691,23,2026-05-04,true,
woodland,Costco-Innovel- Benicia,4955 Industrial way,Benicia,CA,94510,215,2026-04-30,true,
woodland,Courtyard By Marriott Sacramento,2101 River Plaza Drive,Sacramento,CA,95833,2,2025-08-12,true,
woodland,Eastlake Landfill - County of Lake,16015 Davis Ave.,Clearlake,CA,95422,116,2025-10-28,true,
woodland,El Dorado Disposal,4100 Throwita Way,Placerville,CA,95667,74,2026-04-22,true,
woodland,Esparto Transfer Station,27075 County Road 19A,Esparto,CA,95627,44,2026-04-22,true,
woodland,European Sleep Works,5215 Central Ave Unit B,Richmond,CA,94804,1,2023-03-22,true,
woodland,Evans Furniture,379 Epley Drive,Yuba City,CA,95991,11,2025-03-21,true,
woodland,Florin Perkins Public Disposal Site (FPDS),4201 Florin Perkins Rd.,Sacramento,CA,95826,29,2025-12-31,true,
woodland,Glenn County Transfer Station,5700 County Rd 33,Artois,CA,95913,25,2026-04-09,true,
woodland,Guerneville Transfer Station,13450 Pocket Drive,Guerneville,CA,95446,53,2026-04-22,true,
woodland,Gurney's Lake Tahoe,3411 Lake Tahoe Blvd,South lake tahoe,CA,96150,6,2026-03-30,true,
woodland,GVCC - Stockton Yard,2040 E Fremont St,Stockton,CA,95205,33,2026-04-30,true,
woodland,Hampton Inn- Sacramento,3001 Advantage Way,Sacramento,CA,95834,1,2025-06-12,true,
woodland,Happy Camp Transfer Station,65600 State Highway 96,Happy Camp,CA,96039,7,2025-12-15,true,
woodland,Holdorff's Recycling Center - Stephen J. Holdorff,605 N Court Street,Alturas,CA,96101,1,2023-02-27,true,
woodland,Humboldt Moving and Storage Co. - Crescent City yard,1528 Northcrest Drive,Crescent City,CA,95531,19,2026-04-30,true,
woodland,"Humboldt Moving and Storage Co., Inc. - Eureka yard",1470 Albee St,Eureka,CA,95501,10,2026-02-24,true,
woodland,Humboldt Sanitation,2585 Central Ave.,McKinleyville,CA,95519,36,2026-04-15,true,
woodland,Humboldt State University,1 Harpst St,Arcata,CA,95521,4,2025-07-11,true,
woodland,Humboldt Waste Management Authority (HWMA),1059 W. Hawthorne St.,Eureka,CA,95501,213,2026-04-28,true,
woodland,Imperial Mattress,3440 La Grande Blvd,Sacramento,CA,95823,90,2025-10-29,true,
woodland,Inn At South Lake Tahoe,968 Park Avenue,South lake tahoe,CA,96150,2,2026-03-09,true,
woodland,Johnson Canyon Landfill,31400 Johnson Canyon Rd.,Gonzales,CA,93926,1,2023-02-09,true,
woodland,Junction City Transfer Station,52414 Junction City Dump Road,Junction City,CA,96048,2,2026-04-09,true,
woodland,Justo Delivery,3300 Keller Street #101,Santa Clara,CA,95054,93,2025-04-15,true,
woodland,Kiefer Landfill,12701 Kiefer Blvd.,Sloughhouse,CA,95683,94,2026-05-01,true,
woodland,"Lake County Waste Solutions, Inc.",230 Soda Bay Road,Lakeport,CA,95453,29,2026-04-17,true,
woodland,Living Spaces - West Sacramento,3575 Ramos Dr Ste 130,West Sacramento,CA,95691,26,2026-03-26,true,
woodland,Loyalton Transfer Station,#1 Garbage Pit Rd,Loyalton,CA,95936,6,2026-01-13,true,
woodland,Mammoth Disposal - Mammoth Disposal Company,59 Commerce Dr.,Mammoth Lakes,CA,93546,8,2026-04-20,true,
woodland,Maxwell Transfer Station,3852 Co Rd 99W,Maxwell,CA,95955,46,2026-04-10,true,
woodland,McCourtney Road Transfer Station,14741 Wolf Mountain Road,Grass Valley,CA,95949,101,2026-05-01,true,
woodland,Mendocino Solid Waste Management Authority,3200 Taylor Dr.,Ukiah,CA,95482,1,2024-10-11,true,
woodland,Monterey Regional Waste Management District,14201 Del Monte Blvd.,Marina,CA,93933,3,2025-06-02,true,
woodland,Neal Road Recycling and Waste Facility,1023 Neal Rd.,Paradise,CA,95969,343,2026-03-19,true,
woodland,Newby Island Landfill,1601 Dixon Landing Rd.,Milpitas,CA,95035,17,2026-04-28,true,
woodland,Nomad Retail LLC dba Sleep First USA,3891 Channel Drive,West Sacramento,CA,95691,1,2023-01-05,true,
woodland,North Area Recovery Station (NARS),4450 Roseville Rd.,North Highlands,CA,95660,343,2026-05-04,true,
woodland,North Valley Disposal Transfer Station,2569 Scott Avenue,Chico,CA,95928,19,2026-04-07,true,
woodland,Oberlin Road Transfer Station,2420 Oberlin Road,Montague,CA,96064,34,2026-04-15,true,
woodland,Ord Ranch Road Transfer Station,119 Ord Ranch Rd,Gridley,CA,95948,21,2026-03-26,true,
woodland,Oroville Transfer Station,2720 South Fifth Avenue,Oroville,CA,95965,28,2026-02-10,true,
woodland,Placer County Eastern Regional Sanitary Landfill,900 Cabin Creek Rd,Truckee,CA,96145,37,2025-10-29,true,
woodland,Pleasanton Garbage Company - Recycling Resource Recovery Systems LLC,3110 Busch Rd,Pleasanton,CA,94566,43,2026-04-21,true,
woodland,Quincy Mountain Mattress,11 Lindan Avenue,Quincy,CA,95971,36,2026-04-07,true,
woodland,Ramshorn Transfer Station,#1 Ramshorn Rd,Goodyears Bar,CA,95944,3,2025-10-06,true,
woodland,Recology Auburn Placer,12305 Shale Ridge Road,Auburn,CA,95602,69,2026-04-29,true,
woodland,Recology Davis,2727 2nd Street,Davis,CA,95618,15,2026-04-16,true,
woodland,Recology Del Norte,2675 Lake Earl Drive,Crescent City,CA,95531,8,2026-03-16,true,
woodland,Recology Mountain View,935 Terra Bella Ave,Mountain View,CA,95050,48,2026-04-27,true,
woodland,Recology of the Coast,1046 Palmetto Ave,Pacifica,CA,94044,31,2026-04-17,true,
woodland,Recology San Bruno,1356 Marsten Rd,Burlingame,CA,94010,14,2026-01-23,true,
woodland,Recology Vacaville Solano,855 1/2 Davis St,Vacaville,CA,95688,87,2026-04-30,true,
woodland,Recology Yuba Sutter,3001 N. Levee Road,Marysville,CA,95901,186,2026-05-01,true,
woodland,Recycling Industries Transfer Station,140 Epley Drive,Yuba City,CA,95991,47,2026-04-30,true,
woodland,"Recyco, INC",4585 E. Olive Ave.,Fresno,CA,93702,2,2026-03-23,true,
woodland,Red Roof Inn & Hometowne Studios Yuba City,1001 Clark Ave,Yuba city,CA,95991,1,2024-09-27,true,
woodland,Redding Transfer Station,2225 Abernathy Ln.,Redding,CA,96001,194,2026-04-30,true,
woodland,Rosso Furniture Warehouse,212 Tennant Ave,Morgan Hill,CA,95037,1,2023-01-23,true,
woodland,Saatva Mattress - D&P Logistics,751 Eubanks Dr Unit 7,Vacaville,CA,95688,34,2025-12-29,true,
woodland,Sacramento Recycling & Transfer Station,8491 Fruitridge Rd.,Sacramento,CA,95826,34,2026-04-13,true,
woodland,Sacramento Valley Mattress,4160 14th Avenue,Sacramento,CA,95820,52,2025-12-26,true,
woodland,San Joaquin County - Foothill Sanitary Landfill,6484 N. Waverly Rd.,Linden,CA,95236,34,2026-01-30,true,
woodland,Silverado Resort and Spa,1600 Atlas Peak Rd,Napa,CA,94558,4,2025-07-15,true,
woodland,Sleep Number - Redding,2201 Branstetter Lane,Redding,CA,96001,21,2026-03-27,true,
woodland,Sleep Number - Sacramento,1620 National Drive,Sacramento,CA,95834,33,2026-04-23,true,
woodland,South Tahoe Refuse Co,2140 Ruth Ave,South Lake Tahoe,CA,96150,1,2024-09-11,true,
woodland,Speedy Delivery LLC - Union City,30065 Eigenbrodt Way,Union City,CA,94587,28,2026-04-28,true,
woodland,Spirit Logistics,2335 Lincoln Ave,Hayward,CA,94545,1,2024-02-26,true,
woodland,Spirit Logistics- Sacramento,1670 Bell Ave. #100,Sacramento,CA,94538,27,2025-11-10,true,
woodland,Stanford University,74 Barnes Ct,Stanford,CA,94305,2,2025-05-15,true,
woodland,Tehama County / Red Bluff Landfill,19995 Plymire Road,Red Bluff,CA,96080,197,2026-05-01,true,
woodland,Vagabond Inn Sacramento,909 3Rd St,Sacramento,CA,95814,2,2025-04-23,true,
woodland,WARF-Buena Vista Transfer Station,6500 Buena Vista Rd,Ione,CA,95640,40,2026-04-13,true,
woodland,Washoe Tribe of Nevada and California - Woodfords Fire House,96 A Washoe Blvd,Markleeville,CA,96120,3,2024-04-02,true,
woodland,West Central Landfill,14095 Clear Creek Road,Igo,CA,96001,37,2026-05-01,true,
woodland,Western Placer Waste Management Authority,3195 Athens Avenue,Lincoln,CA,95648,311,2026-05-04,true,
woodland,Westwind Inn / 60Th Fss/Fsvl / Travis Airforce Base,570 Travis Ave,Fairfield,CA,94535,12,2026-01-14,true,
woodland,Wilkerson Company - Evert Wilkerson,1064 Horizon Dr Ste 10,Fairfield,CA,94533,55,2025-03-06,true,
woodland,Willits Transfer Station,351 Franklin Ave.,Willits,CA,95490,26,2026-04-21,true,
woodland,Yolo County Central Landfill,44090 Co. Rd. 28H,Woodland,CA,95776,256,2026-05-01,true,
woodland,Zaengles Furniture and Floor Covering Inc,2800 Main St,Susanville,CA,96130,15,2026-04-16,true,
eugene,Salem-Keizer Recycling Center,,Salem,OR,,0,,true,Oregon Collection Site (per MRC OR contract Exhibit). Address TBD.
eugene,Albany-Linn County Transfer Station,,Albany,OR,,0,,true,Oregon Collection Site (per MRC OR contract Exhibit). Address TBD.
eugene,Cottage Grove Transfer Station,,Cottage Grove,OR,,0,,true,Oregon Collection Site (per MRC OR contract Exhibit). Address TBD.
eugene,Florence Transfer Station,,Florence,OR,,0,,true,Oregon Collection Site (per MRC OR contract Exhibit). Address TBD.
eugene,Short Mountain Landfill,,Eugene,OR,,0,,true,Lane County waste facility. Backfill from OR MyMRC export.
eugene,Glenwood Transfer & Recycling Station,,Glenwood,OR,,0,,true,Lane County waste facility. Backfill from OR MyMRC export.
